,name,danceability,energy,loudness,speechiness,acousticness,liveness,tempo
0,Love's In Need Of Love Today,0.638,0.353,-14.28,0.0285,0.694,0.138,98.697
1,Have A Talk With God,0.634,0.612,-12.881,0.263,0.479,0.159,78.817
2,Village Ghetto Land,0.241,0.0557,-15.846,0.0338,0.778,0.217,84.82
3,Contusion,0.441,0.839,-10.913,0.0403,0.00886,0.363,129.378
4,Sir Duke,0.588,0.568,-9.766,0.0672,0.16,0.0792,106.938
5,I Wish,0.821,0.721,-10.401,0.0515,0.0816,0.0664,105.866
6,Knocks Me Off My Feet,0.496,0.488,-14.195,0.0305,0.295,0.132,181.042
7,Pastime Paradise,0.514,0.487,-11.657,0.102,0.154,0.112,78.535
8,Summer Soft,0.548,0.615,-12.019,0.0493,0.374,0.09,104.884
9,Ordinary Pain,0.648,0.614,-10.45,0.0473,0.0748,0.0852,97.778
10,Isn't She Lovely,0.481,0.826,-6.974,0.0851,0.182,0.324,118.679
11,Joy Inside My Tears,0.469,0.478,-12.372,0.0291,0.429,0.127,101.592
12,Black Man,0.776,0.921,-9.791,0.063,0.121,0.0766,109.502
13,Ngiculela-Es Una Historia-I Am Singing,0.682,0.518,-11.317,0.038,0.14,0.0878,101.166
14,If It's Magic,0.359,0.127,-18.438,0.0462,0.936,0.261,94.058
15,As,0.467,0.869,-10.342,0.0559,0.0589,0.244,102.376
16,Another Star,0.57,0.844,-9.684,0.0492,0.102,0.0914,121.975
17,Saturn,0.54,0.485,-13.164,0.0372,0.354,0.634,87.58
18,Ebony Eyes,0.577,0.61,-10.559,0.0424,0.0791,0.377,207.143
19,All Day Sucker,0.685,0.604,-9.285,0.0299,0.0733,0.0809,105.879
20,Easy Goin' Evening (My Mama's Call),0.477,0.174,-14.088,0.0321,0.266,0.125,119.41
21,Death On Two Legs (Dedicated To...) - Remastered 2011,0.395,0.698,-6.244,0.0573,0.334,0.155,124.66
22,Lazing On A Sunday Afternoon - Remastered 2011,0.643,0.579,-9.165,0.0555,0.445,0.109,131.901
23,I'm In Love With My Car - Remastered 2011,0.299,0.818,-8.542,0.0683,0.0129,0.202,143.583
24,You're My Best Friend - Remastered 2011,0.518,0.761,-7.025,0.0452,0.158,0.0715,118.738
25,'39 - Remastered 2011,0.519,0.584,-9.67,0.027,0.0275,0.111,101.632
26,Sweet Lady - Remastered 2011,0.31,0.859,-8.937,0.0754,0.0127,0.596,119.006
27,Seaside Rendezvous - Remastered 2011,0.444,0.7,-5.494,0.14,0.386,0.253,167.538
28,The Prophet's Song - Remastered 2011,0.397,0.451,-9.812,0.0461,0.316,0.347,139.284
29,Love Of My Life - Remastered 2011,0.331,0.183,-11.63,0.0287,0.936,0.115,79.195
30,Good Company - Remastered 2011,0.5,0.418,-11.277,0.0444,0.779,0.346,183.067
31,Bohemian Rhapsody - Remastered 2011,0.392,0.402,-9.961,0.0536,0.288,0.243,143.883
32,God Save The Queen - Remastered 2011,0.104,0.293,-15.24,0.0327,0.666,0.31,90.742
33,Keep Yourself Alive - Long Lost Retake / June 1975 / Remastered 2011,0.488,0.797,-9.029,0.142,0.185,0.0989,135.267
34,Bohemian Rhapsody - Operatic Section / 2011 A Cappella Mix,0.772,0.591,-12.388,0.57,0.658,0.0748,75.838
35,You’re My Best Friend - Backing Track Mix,0.567,0.727,-8.802,0.0435,0.0428,0.0991,120.998
36,I’m In Love With My Car - Guitar & Vocal Mix / 2011,0.257,0.584,-10.625,0.0413,0.873,0.383,98.213
37,"'39 - Live At Earl’s Court, London / June 1977",0.477,0.584,-9.455,0.0407,0.348,0.695,101.803
38,Love Of My Life - Live In Argentina / June 1979,0.209,0.413,-10.188,0.0327,0.885,0.892,85.507
39,I Thought About Killing You,0.752,0.396,-7.932,0.411,0.867,0.0486,116.016
40,Yikes,0.683,0.776,-3.251,0.341,0.15,0.227,173.996
41,All Mine,0.925,0.31,-6.531,0.291,0.123,0.0931,121.927
42,Wouldn't Leave,0.556,0.432,-8.551,0.545,0.495,0.308,164.235
43,No Mistakes,0.643,0.646,-2.442,0.0629,0.0393,0.109,80.174
44,Ghost Town,0.573,0.545,-4.247,0.0288,0.0969,0.329,83.378
45,Violent Crimes,0.669,0.419,-6.724,0.522,0.376,0.187,109.813
46,Dark Fantasy,0.599,0.587,-5.919,0.0423,0.274,0.167,87.998
47,Gorgeous,0.598,0.713,-3.625,0.0326,0.0207,0.431,91.964
48,POWER,0.542,0.914,-4.747,0.113,0.0161,0.744,153.993
49,All Of The Lights (Interlude),0.296,0.0792,-16.569,0.0389,0.902,0.128,110.95
50,All Of The Lights,0.531,0.803,-3.284,0.0717,0.0796,0.176,142.113
51,Monster,0.628,0.692,-5.64,0.202,0.00244,0.668,124.887
52,So Appalled,0.64,0.754,-5.873,0.283,0.255,0.63,87.15
53,Devil In A New Dress,0.435,0.76,-4.935,0.0721,0.0175,0.158,80.082
54,Runaway,0.374,0.568,-3.825,0.109,0.219,0.513,84.733
55,Hell Of A Life,0.449,0.813,-5.478,0.129,0.00142,0.106,177.962
56,Blame Game,0.419,0.581,-5.964,0.0688,0.306,0.11,80.305
57,Lost In The World,0.608,0.746,-5.249,0.184,0.115,0.427,117.072
58,Who Will Survive In America,0.677,0.842,-6.111,0.36,0.228,0.856,116.166
59,Hit Different,0.679,0.516,-6.371,0.0452,0.199,0.0965,120.074
60,Del Mar,0.759,0.636,-5.585,0.0369,0.0224,0.166,109.976
61,Lithuania (feat. Travis Scott),0.676,0.82,-5.217,0.0554,0.0493,0.615,152.028
62,Sweet & Sour (feat. Lauv & Tyga),0.827,0.73,-5.324,0.0934,0.092,0.258,95.003
63,What They'll Say About Us,0.535,0.314,-12.823,0.0408,0.895,0.0874,145.095
64,"Tap In (feat. Post Malone, DaBaby & Jack Harlow)",0.948,0.63,-7.011,0.219,0.00647,0.0737,100.032
65,Give It To Me,0.787,0.592,-6.01,0.0453,0.109,0.095,100.02
66,Icy,0.836,0.662,-5.063,0.0623,0.0284,0.0781,111.519
67,Not Alright,0.787,0.688,-3.562,0.0381,0.00368,0.0676,101.964
68,At My Worst,0.813,0.415,-5.926,0.0349,0.777,0.131,91.921
69,17,0.653,0.362,-8.699,0.0472,0.165,0.11,129.854
70,Lows,0.643,0.446,-8.727,0.0479,0.575,0.239,131.95
71,Myself,0.745,0.561,-5.513,0.072,0.465,0.0338,195.918
72,Mulholland Drive (feat. Ebenezer),0.727,0.573,-6.075,0.0423,0.0163,0.709,157.027
73,the 1,0.777,0.357,-6.942,0.0522,0.757,0.108,139.883
74,cardigan,0.613,0.581,-8.588,0.0424,0.537,0.25,130.033
75,the last great american dynasty,0.686,0.662,-8.505,0.0413,0.467,0.109,147.922
76,exile (feat. Bon Iver),0.298,0.38,-8.426,0.0287,0.778,0.11,75.602
77,my tears ricochet,0.456,0.263,-10.63,0.0332,0.806,0.0749,129.86
78,mirrorball,0.553,0.413,-10.037,0.0334,0.687,0.0594,110.107
79,seven,0.596,0.488,-10.769,0.0274,0.9,0.091,94.926
80,august,0.532,0.623,-9.208,0.0331,0.538,0.0925,89.937
81,this is me trying,0.515,0.476,-9.843,0.0328,0.314,0.171,135.886
82,illicit affairs,0.559,0.31,-10.445,0.0338,0.881,0.106,119.845
83,invisible string,0.653,0.452,-11.143,0.055,0.838,0.108,83.433
84,mad woman,0.592,0.699,-8.995,0.0471,0.655,0.114,141.916
85,epiphany,0.354,0.267,-13.69,0.0281,0.731,0.0858,94.219
86,betty,0.593,0.377,-8.761,0.0253,0.6,0.0976,95.939
87,peace,0.647,0.272,-12.906,0.0916,0.918,0.0918,150.044
88,hoax,0.662,0.181,-15.065,0.0415,0.966,0.133,118.819
89,It's a Moot Point,0.7,0.66,-6.642,0.0796,0.221,0.0886,150.028
90,35.31,0.798,0.559,-10.868,0.0592,0.286,0.349,102.018
91,Agüita,0.761,0.75,-5.45,0.376,0.184,0.16,134.863
92,Honeypie,0.743,0.683,-4.606,0.201,0.0713,0.15,115.033
93,Trust,0.764,0.394,-8.559,0.154,0.224,0.119,92.011
94,Smile,0.531,0.487,-10.321,0.22,0.911,0.222,75.487
95,Feathers,0.459,0.638,-7.287,0.222,0.506,0.114,74.364
96,Sanctuary,0.719,0.764,-5.221,0.328,0.0249,0.0759,98.066
97,My Year,0.763,0.579,-6.154,0.146,0.166,0.139,125.959
98,Stay,0.743,0.515,-10.006,0.327,0.157,0.11,86.958
99,This Must Be the Place (Naive Melody) - 2005 Remaster,0.942,0.641,-10.15,0.0333,0.331,0.028,114.443
100,Clouded,0.583,0.344,-8.765,0.0559,0.774,0.143,65.203
101,BROKEN GIRLS,0.663,0.572,-10.593,0.102,0.322,0.171,117.051
102,Good Guy,0.513,0.131,-12.787,0.467,0.983,0.12,105.808
103,Loose,0.198,0.162,-15.815,0.0343,0.926,0.135,70.453
104,Meet Me in Amsterdam,0.62,0.265,-10.409,0.0345,0.281,0.114,106.022
105,BUTTERFLY,0.274,0.363,-9.72,0.0348,0.831,0.359,69.317
106,Golden,0.671,0.374,-11.489,0.125,0.268,0.324,84.92
107,Dazed,0.797,0.274,-11.079,0.043,0.0664,0.214,100.025
108,Real Magic,0.849,0.418,-7.45,0.078,0.203,0.101,139.979
109,Better,0.816,0.527,-9.479,0.0871,0.156,0.0998,152.029
110,Us (How Sweet It Was),0.66,0.345,-12.457,0.0547,0.779,0.126,143.925
111,Come Outside,0.944,0.706,-4.535,0.087,0.0177,0.108,100.926
112,Is It True - Four Tet Remix,0.697,0.598,-7.722,0.0295,0.469,0.0659,117.992
113,Powerslide,0.839,0.511,-6.2,0.0711,0.152,0.403,102.424
114,Bug Eyes,0.284,0.45,-8.696,0.0423,0.385,0.233,82.974
115,Mind Over Matter,0.466,0.763,-4.448,0.0318,0.000501,0.0973,154.914
116,Lockdown,0.928,0.437,-7.081,0.127,0.144,0.147,100.056
117,It's Easier When You're Standing There,0.407,0.311,-12.197,0.0284,0.823,0.136,80.314
118,Always Be the Same (feat. Jon Bryant),0.686,0.523,-9.632,0.0305,0.435,0.111,77.991
119,Surround You,0.557,0.554,-7.106,0.0291,0.238,0.122,110.026
120,Don't Let Me Down,0.854,0.674,-7.32,0.0597,0.345,0.12,109.958
121,Small Talk,0.854,0.376,-8.586,0.0437,0.217,0.13,112.981
122,London in the Spring - Single Version,0.47,0.246,-13.593,0.0471,0.758,0.108,78.616
123,Moon,0.651,0.448,-11.006,0.038,0.82,0.339,116.444
124,The Key to Life on Earth,0.519,0.941,-2.09,0.0647,0.000922,0.1,128.023
125,Nothing,0.555,0.27,-15.892,0.0884,0.931,0.103,139.691
126,Jungle,0.688,0.646,-11.243,0.153,0.463,0.0921,82.099
127,House of Clocks,0.734,0.384,-11.564,0.393,0.636,0.131,76.086
128,BTFL,0.858,0.381,-14.619,0.324,0.111,0.402,101.0
129,Silicon Valley,0.693,0.499,-10.487,0.0893,0.347,0.0584,84.21
130,Me No Evil,0.919,0.55,-13.554,0.0543,0.155,0.164,105.999
131,Modern Boi,0.625,0.47,-11.526,0.0956,0.309,0.251,80.003
132,Tell Me Nothing,0.878,0.417,-13.917,0.0383,0.268,0.108,113.984
133,Trashman,0.791,0.369,-10.526,0.0708,0.0292,0.0472,139.975
134,Play God,0.765,0.318,-11.26,0.0488,0.204,0.268,123.957
135,Long Nights,0.65,0.591,-9.289,0.167,0.185,0.294,171.941
136,Risky Business,0.866,0.685,-7.501,0.192,0.139,0.197,111.051
137,Apartment,0.736,0.816,-7.306,0.0465,0.34,0.0977,162.065
138,Love Language,0.582,0.586,-4.369,0.0838,0.124,0.0866,89.599
139,Nunya (feat. Dom Kennedy),0.675,0.71,-4.027,0.21,0.39,0.381,97.98
140,Preach,0.716,0.836,-3.09,0.038,0.0455,0.191,116.933
141,Chew On My Heart,0.545,0.719,-5.424,0.039,0.0696,0.146,123.075
142,Tiny Fires,0.417,0.408,-11.596,0.0591,0.537,0.102,85.905
143,Queenstown,0.614,0.169,-13.829,0.0367,0.889,0.114,122.56
144,Renee,0.924,0.386,-8.183,0.0548,0.755,0.118,108.957
145,Pain 1993 (with Playboi Carti),0.825,0.373,-5.532,0.108,0.163,0.368,77.271
146,Savage Remix (feat. Beyoncé),0.822,0.743,-4.772,0.28,0.016,0.127,84.459
147,D4L,0.718,0.706,-5.709,0.06,0.0128,0.352,170.004
148,Say So (feat. Nicki Minaj),0.856,0.641,-4.64,0.204,0.119,0.427,111.004
149,Cold (feat. Tory Lanez),0.881,0.785,-5.4,0.102,0.0121,0.0849,105.972
150,"Slide (Remix) (feat. Pop Smoke, A Boogie Wit da Hoodie & Chris Brown)",0.815,0.513,-8.363,0.244,0.0145,0.14,96.982
151,F&MU,0.717,0.597,-4.465,0.0838,0.383,0.14,77.048
152,Like That (feat. Gucci Mane),0.879,0.499,-6.027,0.18,0.24,0.0967,106.043
153,Captain Hook,0.863,0.633,-5.002,0.287,0.0118,0.285,163.991
154,Levi High (feat. DaBaby),0.916,0.682,-3.965,0.334,0.0629,0.0801,142.12
155,B*tch From Da Souf (Remix),0.834,0.531,-5.708,0.36,0.0662,0.136,150.126
156,Toxic,0.656,0.453,-5.395,0.0351,0.307,0.113,111.804
157,ROCKSTAR (feat. Roddy Ricch),0.746,0.69,-7.956,0.164,0.247,0.101,89.977
158,Walk Em Down (feat. Roddy Ricch),0.867,0.744,-5.171,0.227,0.268,0.0713,84.005
159,THE SCOTTS,0.697,0.505,-7.698,0.0527,0.382,0.161,129.907
160,Trillionaire (feat. Youngboy Never Broke Again),0.768,0.526,-7.182,0.209,0.237,0.139,139.999
161,Chirp (feat. Quavo),0.851,0.626,-5.696,0.0766,0.126,0.257,126.011
162,Feel Some Way (feat. Wale),0.727,0.645,-6.853,0.0658,0.0969,0.114,124.014
163,"Life Is Good (feat. Drake, DaBaby & Lil Baby) - Remix",0.79,0.566,-8.33,0.437,0.106,0.119,142.016
164,"Life Is Good (feat. Drake, DaBaby & Lil Baby) - Remix",0.81,0.566,-8.33,0.433,0.107,0.122,142.069
165,They Call Me Tiago (Her Name Is Margo),0.878,0.578,-7.581,0.0722,0.196,0.0965,100.996
166,Hit Yo Dance (feat. Yella Beezy & NLE Choppa),0.919,0.776,-4.84,0.234,0.00884,0.0631,92.979
167,Address It,0.903,0.611,-8.006,0.268,0.109,0.0904,94.525
168,TKN (feat. Travis Scott),0.776,0.509,-6.266,0.467,0.192,0.115,94.634
169,"495 (feat. Rico Nasty, YungManny, Big Flock, Big JAM & Weensey)",0.85,0.613,-6.486,0.306,0.00759,0.145,131.981
170,"T.D (Lil Yachty & Tierra Whack feat. A$AP Rocky & Tyler, The Creator)",0.784,0.632,-6.083,0.347,0.156,0.605,124.603
171,Dominican Mami (feat. Fivio Foreign),0.832,0.71,-3.488,0.137,0.35,0.09,140.985
172,Need It,0.852,0.745,-3.667,0.171,0.0313,0.0824,148.007
173,What I Need (Chopnotslop Remix),0.744,0.448,-9.348,0.0741,0.012,0.516,138.163
174,Shimmy (with Doja Cat),0.902,0.706,-4.643,0.204,0.0459,0.0682,98.034
175,Cash Shit (feat. DaBaby),0.921,0.635,-4.904,0.416,0.0218,0.0946,130.028
176,Tap In,0.954,0.696,-7.117,0.204,0.00576,0.0754,100.036
177,"Dirty (from Insecure: Music From The HBO Original Series, Season 4)",0.754,0.763,-5.145,0.0831,5.22e-05,0.275,92.605
178,"WHATS POPPIN (feat. DaBaby, Tory Lanez & Lil Wayne) - Remix",0.904,0.723,-5.224,0.26,0.0631,0.185,145.013
179,Roses Remix (feat. Future),0.941,0.463,-5.993,0.113,0.0247,0.192,127.003
180,COOLER THAN A BITCH (feat. Roddy Ricch),0.837,0.586,-8.521,0.0807,0.281,0.134,117.066
181,Girls in the Hood,0.826,0.862,-3.21,0.343,0.00935,0.0442,179.931
182,I Like Him,0.893,0.579,-8.995,0.113,0.0641,0.215,133.018
183,Pussy Talk,0.943,0.641,-5.598,0.191,0.0016,0.211,99.099
184,"Can't Relate (feat. YBN Nahmir, YG)",0.871,0.674,-6.579,0.397,0.02,0.0565,160.007
185,Foreigner (feat. A Boogie Wit da Hoodie),0.484,0.553,-7.914,0.353,0.471,0.276,103.772
186,"Baguettes in the Face (feat. NAV, Playboi Carti & A Boogie Wit da Hoodie)",0.883,0.525,-8.054,0.0633,0.189,0.0971,99.978
187,Go Crazy,0.755,0.578,-8.932,0.145,0.316,0.25,94.148
188,Pretty Bitch Freestyle,0.717,0.66,-5.887,0.467,0.0259,0.388,200.011
189,POPSTAR (feat. Drake),0.8,0.56,-4.818,0.261,0.057,0.134,163.071
190,Yikes,0.911,0.637,-8.381,0.447,0.0409,0.238,149.996
191,Jobs,0.885,0.592,-6.06,0.303,0.00094,0.081,159.996
192,Deepthroat,0.93,0.65,-6.896,0.259,0.184,0.198,98.023
193,Racks 2 Skinny,0.814,0.584,-5.425,0.0819,0.00839,0.0646,141.016
194,DOLLAZ ON MY HEAD (feat. Young Thug),0.825,0.458,-7.47,0.0577,0.114,0.102,145.115
195,Solitaires (feat. Travis Scott),0.691,0.632,-7.598,0.0513,0.122,0.0646,169.982
196,My Type,0.899,0.811,-6.294,0.258,0.000677,0.0672,105.038
197,The Woo (feat. 50 Cent & Roddy Ricch),0.49,0.618,-5.655,0.104,0.0221,0.259,99.7
198,WAP (feat. Megan Thee Stallion),0.935,0.454,-7.509,0.375,0.0194,0.0824,133.073
199,Time Flies,0.864,0.477,-5.786,0.224,0.201,0.182,86.46
200,Freak,0.688,0.716,-5.702,0.0385,0.0969,0.0989,116.912
201,Mood Swings (feat. Lil Tjay),0.48,0.602,-6.335,0.368,0.487,0.0848,179.798
202,Leave Em Alone,0.517,0.747,-4.74,0.296,0.0189,0.0821,102.033
203,TWIST & TURN (feat. Drake & PARTYNEXTDOOR),0.571,0.747,-4.659,0.17,0.478,0.116,106.253
204,In The Party,0.919,0.609,-5.059,0.262,0.0096,0.124,134.992
205,Girls in the Hood,0.821,0.863,-3.159,0.353,0.00824,0.0377,180.013
206,In n Out (feat. City Girls),0.898,0.748,-6.137,0.275,0.511,0.171,94.997
207,Bussin 2.0 (with Saweetie),0.859,0.714,-4.502,0.267,0.186,0.0826,73.964
208,Boys Ain't Shit (feat. Flo Milli),0.833,0.656,-4.428,0.168,0.306,0.406,102.979
209,Pretty MF,0.788,0.455,-7.544,0.0667,0.0953,0.102,94.013
210,My Affection (with PARTYNEXTDOOR),0.632,0.495,-8.335,0.143,0.333,0.0941,77.083
211,3 a.m.,0.446,0.222,-13.47,0.0282,0.909,0.11,92.353
212,After Hours,0.659,0.572,-6.103,0.0305,0.0785,0.123,108.967
213,After Hours - The Blaze Remix,0.605,0.536,-7.427,0.0494,0.426,0.087,109.016
214,... Again (feat. Shantel May),0.683,0.534,-5.303,0.0291,0.0553,0.109,119.974
215,Alone Again,0.256,0.653,-7.972,0.0544,0.0337,0.168,90.673
216,Angel's Song,0.693,0.195,-15.278,0.0446,0.894,0.126,116.725
217,BELIEVE IT,0.426,0.705,-5.435,0.307,0.0896,0.221,158.333
218,Between Us (feat. Snoh Aalegra),0.769,0.458,-10.663,0.105,0.0533,0.139,127.956
219,Black Licorice,0.693,0.54,-9.133,0.0333,0.0309,0.116,124.032
220,Blinding Lights,0.517,0.727,-5.947,0.0564,0.00154,0.0882,170.964
221,Blinding Lights - Chromatics Remix,0.62,0.648,-6.057,0.066,0.00965,0.0641,171.065
222,Blue World,0.742,0.553,-8.98,0.419,0.389,0.0694,84.931
223,boyfriend (with Social House),0.4,0.795,-3.731,0.461,0.119,0.159,190.097
224,Casino,0.6,0.322,-6.982,0.0315,0.472,0.14,109.877
225,Cayendo (Side A - Acoustic),0.35,0.12,-11.104,0.0393,0.982,0.103,68.995
226,Circles,0.61,0.0316,-15.186,0.0486,0.896,0.108,151.964
227,Coming Home,0.427,0.465,-6.595,0.0291,0.461,0.154,112.137
228,Courtside (feat. Jessie Reyez),0.753,0.425,-8.975,0.211,0.583,0.141,109.993
229,Crowned,0.816,0.554,-5.472,0.0359,0.123,0.138,130.019
230,Dangerous City (feat. Buju Banton),0.561,0.604,-6.234,0.254,0.148,0.737,106.735
231,Dear April (Side A - Acoustic),0.444,0.152,-12.87,0.0471,0.953,0.0966,115.95
232,Ecstasy,0.606,0.36,-7.231,0.184,0.509,0.105,72.476
233,Escape From LA,0.429,0.548,-9.006,0.0575,0.0473,0.187,146.102
234,Everybody,0.875,0.599,-9.077,0.138,0.0333,0.113,152.061
235,Faith,0.344,0.605,-7.34,0.0795,0.615,0.146,176.873
236,Figure 8,0.508,0.624,-9.395,0.0403,0.000256,0.146,80.099
237,Final Lullaby - Bonus Track,0.604,0.26,-10.498,0.0373,0.841,0.327,100.964
238,'Flawless' Do It Well Pt. 3 (feat. Summer Walker),0.607,0.42,-9.307,0.0595,0.216,0.129,140.639
239,Floating,0.505,0.391,-11.599,0.0416,0.669,0.113,135.12
240,For Us,0.603,0.41,-6.893,0.0351,0.0698,0.298,129.929
241,Friends (feat. PARTYNEXTDOOR),0.767,0.454,-7.825,0.0364,0.0261,0.101,119.974
242,Good Cry,0.8,0.439,-9.433,0.0453,0.171,0.132,100.063
243,Good News,0.794,0.32,-12.92,0.173,0.853,0.112,174.088
244,Governess Shadow,0.46,0.958,-4.212,0.0756,0.000109,0.575,166.058
245,Greedy,0.667,0.401,-10.467,0.0458,0.0703,0.157,76.017
246,Hand Me Downs,0.677,0.33,-11.198,0.149,0.474,0.064,68.985
247,Hands,0.739,0.627,-8.608,0.171,0.0459,0.159,74.962
248,Hardest To Love,0.472,0.608,-7.873,0.0596,0.0966,0.122,81.154
249,Heartless,0.537,0.751,-5.488,0.14,0.0189,0.145,169.986
250,Heartless - Vapor Wave Remix,0.523,0.73,-3.715,0.0754,0.155,0.124,75.038
251,Hear Your Heart,0.54,0.296,-13.866,0.0487,0.743,0.102,104.135
252,Hell Bound - Ad 01,0.882,0.721,-7.209,0.0539,0.0437,0.0789,149.013
253,Hit Clip,0.792,0.304,-13.258,0.129,0.928,0.121,135.009
254,I Can See,0.699,0.503,-9.922,0.0882,0.391,0.0996,114.86
255,If You Ever Want To Be In Love,0.683,0.837,-5.46,0.0307,0.0276,0.0627,115.933
256,I Got So High That I Saw Jesus,0.577,0.384,-11.897,0.0436,0.314,0.0809,139.597
257,Incomplete,0.524,0.401,-9.159,0.0369,0.664,0.118,144.849
258,In Your Eyes,0.667,0.72,-5.348,0.0331,0.00255,0.0753,100.021
259,Jesus Christ 2005 God Bless America,0.541,0.287,-15.897,0.0345,0.878,0.339,78.947
260,Jocelyn Flores,0.872,0.391,-9.144,0.242,0.469,0.297,134.021
261,Keep It Going,0.866,0.525,-9.391,0.104,0.00348,0.0698,140.019
262,Keep On Dancing,0.586,0.562,-7.677,0.348,0.621,0.092,81.28
263,Leaders (feat. NAV),0.95,0.654,-5.895,0.307,0.0744,0.138,132.936
264,Let It Go,0.536,0.311,-10.396,0.0288,0.82,0.107,147.486
265,Lightning,0.843,0.597,-6.452,0.0635,0.0715,0.104,127.004
266,Like a Dream,0.787,0.372,-9.305,0.032,0.506,0.218,94.166
267,Like I Loved You,0.725,0.688,-9.45,0.0572,0.391,0.114,100.006
268,Lonely,0.594,0.26,-9.062,0.0601,0.779,0.0924,84.648
269,LOYAL (feat. Drake and Bad Bunny) - Remix,0.877,0.529,-6.235,0.0461,0.479,0.094,104.984
270,Missed You - Bonus Track,0.716,0.364,-9.648,0.0866,0.107,0.113,151.968
271,Miss Me?,0.822,0.521,-6.347,0.102,0.0795,0.0945,76.013
272,Monsta,0.595,0.67,-4.879,0.197,0.0338,0.116,219.378
273,Moonlight,0.921,0.537,-5.723,0.0804,0.556,0.102,128.009
274,Move Together,0.556,0.297,-10.841,0.0344,0.717,0.141,130.617
275,Move Together - The Dark Of The Morning Version,0.384,0.264,-9.444,0.0321,0.657,0.259,129.877
276,A Muse,0.774,0.391,-6.753,0.166,0.646,0.0751,134.055
277,Need The Sun To Break,0.537,0.485,-8.131,0.0332,0.102,0.319,152.005
278,Need The Sun To Break - The Dark Of The Morning Version,0.572,0.29,-9.782,0.0337,0.854,0.0804,78.971
279,No Cryin (feat. Future),0.84,0.63,-7.147,0.359,0.162,0.0641,76.047
280,No Good,0.773,0.191,-12.717,0.0663,0.242,0.0949,96.973
281,No Guarantees - Stinson Beach Sessions,0.503,0.496,-11.654,0.0291,0.143,0.13,151.81
282,Nothing Compares - Bonus Track,0.524,0.577,-9.313,0.0358,0.00253,0.234,131.909
283,NUMB,0.414,0.416,-8.024,0.0251,0.1,0.131,159.91
284,Once A Day,0.762,0.054,-16.735,0.0503,0.947,0.124,96.838
285,Oprah’s Bank Account (Lil Yachty & DaBaby feat. Drake),0.84,0.624,-4.324,0.0541,0.182,0.321,138.05
286,Outlandish,0.822,0.415,-7.044,0.176,0.263,0.0793,104.009
287,P*$$Y Fairy (OTW),0.572,0.519,-7.092,0.212,0.536,0.102,128.331
288,PDLIF,0.328,0.461,-8.79,0.0434,0.447,0.155,126.015
289,Popstar,0.667,0.637,-5.18,0.204,0.224,0.123,160.136
290,QUARANTINE CLEAN,0.787,0.518,-8.084,0.268,0.541,0.132,91.344
291,Repeat After Me (Interlude),0.547,0.607,-7.907,0.0313,0.031,0.101,94.961
292,Right,0.682,0.281,-14.267,0.126,0.804,0.106,82.954
293,River,0.658,0.179,-10.866,0.0448,0.689,0.17,128.128
294,rock + roll,0.468,0.517,-7.049,0.0574,0.875,0.171,69.282
295,Roses - Imanbek Remix,0.77,0.724,-5.484,0.0495,0.0167,0.353,121.975
296,Running,0.538,0.245,-13.271,0.0364,0.48,0.108,73.774
297,SAD!,0.74,0.613,-4.88,0.145,0.258,0.123,75.023
298,Save Your Tears,0.684,0.817,-5.499,0.0308,0.0222,0.439,118.059
299,Save Your Tears - OPN Remix,0.68,0.842,-5.796,0.0524,0.278,0.12,118.015
300,Scared To Live,0.564,0.493,-8.311,0.048,0.123,0.0995,87.825
301,Scared To Live - SNL Live,0.458,0.642,-5.61,0.038,0.11,0.984,87.921
302,Scars,0.424,0.452,-8.816,0.0624,0.092,0.11,129.768
303,Snowchild,0.66,0.61,-7.558,0.112,0.168,0.122,148.038
304,So What (feat. Popcaan),0.785,0.476,-9.095,0.15,0.183,0.356,103.467
305,Squeaky,0.371,0.384,-9.218,0.0321,0.238,0.133,139.454
306,Still Pray for You,0.765,0.405,-10.587,0.0993,0.671,0.27,139.95
307,Streets,0.749,0.463,-8.433,0.0828,0.208,0.337,90.028
308,Surf,0.828,0.182,-13.066,0.166,0.754,0.15,147.279
309,Take Yourself Home,0.364,0.606,-9.188,0.0831,0.0748,0.106,99.73
310,Tears In The Rain,0.655,0.636,-7.84,0.0453,0.109,0.0842,160.01
311,Texas Sun,0.632,0.637,-10.011,0.0348,0.0352,0.0997,111.551
312,That's On Me,0.583,0.499,-10.086,0.0261,0.591,0.33,155.199
313,This is Us,0.549,0.883,-4.092,0.0344,0.148,0.0609,145.06
314,Too Late,0.64,0.869,-5.179,0.117,0.0518,0.691,120.07
315,Toosie Slide,0.834,0.454,-9.75,0.201,0.321,0.114,81.618
316,Turks (feat. Travis Scott),0.904,0.609,-4.449,0.128,0.0769,0.602,119.135
317,Until I Bleed Out,0.248,0.371,-9.976,0.0357,0.444,0.0911,125.273
318,Volvo,0.848,0.622,-8.462,0.494,0.57,0.126,160.029
319,Waiting,0.447,0.466,-5.609,0.0272,0.623,0.135,147.249
320,Wassup (feat. Future),0.762,0.622,-6.293,0.223,0.352,0.145,130.019
321,When We Were On Fire,0.686,0.81,-5.338,0.0496,0.00117,0.148,114.015
322,When We Were On Fire - The Dark Of The Morning Version,0.801,0.414,-8.485,0.0424,0.365,0.092,115.966
323,Woods,0.779,0.362,-10.847,0.0474,0.135,0.111,85.011
324,"Yo Love - From ""Queen & Slim: The Soundtrack""",0.703,0.573,-9.032,0.0724,0.565,0.0987,147.038
325,To Die For,0.483,0.361,-7.889,0.0738,0.832,0.098,171.649
326,Cyber Sex,0.917,0.657,-5.716,0.0921,0.318,0.0754,131.03
327,Won't Bite,0.807,0.783,-3.115,0.0965,0.351,0.14,127.996
328,Rules,0.664,0.724,-5.457,0.116,0.171,0.13,144.052
329,Bottom Bitch,0.696,0.825,-2.891,0.036,0.00265,0.0723,160.02
330,Say So,0.787,0.673,-4.577,0.158,0.256,0.0904,110.962
331,Talk Dirty,0.603,0.743,-5.583,0.122,0.271,0.104,168.005
332,Addiction,0.775,0.708,-6.073,0.166,0.00979,0.128,90.006
333,Shine,0.567,0.629,-6.075,0.241,0.421,0.102,112.087
334,Better Than Me,0.674,0.758,-5.379,0.0378,0.284,0.116,129.946
335,Juicy,0.786,0.652,-2.607,0.0669,0.102,0.0697,170.031
336,"Wasteland, Baby!",0.427,0.407,-9.665,0.0382,0.612,0.109,168.844
337,Golden Hour,0.611,0.555,-6.372,0.0274,0.0952,0.11,88.969
338,All Around Me,0.566,0.438,-7.564,0.0367,0.809,0.212,117.127
339,Habitual,0.764,0.443,-6.625,0.0439,0.52,0.0749,138.999
340,Come Around Me,0.648,0.681,-8.389,0.0378,0.263,0.0971,157.941
341,Intentions (feat. Quavo),0.806,0.546,-6.637,0.0575,0.3,0.102,147.986
342,Yummy,0.676,0.506,-6.652,0.0958,0.345,0.118,145.842
343,Available,0.702,0.608,-6.843,0.0359,0.0736,0.129,75.012
344,Forever (feat. Post Malone & Clever),0.825,0.483,-5.746,0.08,0.538,0.204,139.98
345,Running Over (feat. Lil Dicky),0.774,0.603,-7.319,0.0591,0.438,0.0869,149.982
346,Take It Out On Me,0.772,0.616,-4.673,0.102,0.00337,0.104,129.967
347,Second Emotion (feat. Travis Scott),0.796,0.777,-6.112,0.0567,0.0276,0.095,141.97
348,Get Me (feat. Kehlani),0.832,0.508,-6.913,0.149,0.0492,0.107,109.352
349,E.T.A.,0.465,0.494,-7.595,0.066,0.49,0.127,127.298
350,Changes,0.485,0.412,-7.766,0.042,0.738,0.12,64.062
351,Confirmation,0.438,0.315,-8.186,0.0375,0.608,0.151,190.064
352,That's What Love Is,0.639,0.437,-6.959,0.0355,0.692,0.12,147.575
353,At Least For Now,0.375,0.304,-9.897,0.0325,0.683,0.196,83.832
354,Yummy - Summer Walker Remix,0.655,0.578,-5.711,0.0534,0.311,0.109,145.869
355,Slow Burn,0.555,0.43,-9.105,0.0295,0.462,0.0869,147.613
356,Lonely Weekend,0.699,0.808,-5.926,0.0296,0.579,0.167,111.977
357,Butterflies,0.689,0.614,-6.137,0.0306,0.252,0.178,141.97
358,"Oh, What A World",0.503,0.536,-7.229,0.0259,0.642,0.111,90.966
359,Mother,0.557,0.147,-14.173,0.103,0.903,0.176,55.513
360,Love Is A Wild Thing,0.623,0.631,-7.52,0.0352,0.266,0.0931,121.973
361,Space Cowboy,0.447,0.429,-7.36,0.028,0.718,0.105,116.521
362,Happy & Sad,0.642,0.657,-5.246,0.0333,0.249,0.111,90.0
363,Velvet Elvis,0.677,0.616,-5.241,0.032,0.173,0.0427,89.988
364,Wonder Woman,0.669,0.653,-5.675,0.0269,0.11,0.0826,104.995
365,High Horse,0.725,0.674,-5.254,0.0363,0.0325,0.0531,120.057
366,Rainbow,0.581,0.197,-7.697,0.0329,0.88,0.107,130.367
367,Break My Heart Right,0.63,0.103,-11.6,0.0499,0.962,0.0915,113.61
368,Be Mine Tonight,0.754,0.658,-6.059,0.0551,0.128,0.124,116.044
369,Alone Again,0.256,0.653,-7.972,0.0544,0.0337,0.168,90.673
370,Too Late,0.642,0.87,-5.177,0.13,0.0534,0.694,120.014
371,Hardest To Love,0.489,0.611,-7.848,0.0594,0.087,0.126,80.974
372,Scared To Live,0.48,0.489,-8.29,0.0557,0.115,0.0998,87.049
373,Snowchild,0.658,0.608,-7.479,0.104,0.161,0.121,148.144
374,Escape From LA,0.405,0.524,-8.988,0.0575,0.0479,0.199,146.294
375,Heartless,0.537,0.749,-5.508,0.159,0.0226,0.156,169.963
376,Faith,0.392,0.604,-7.282,0.0718,0.61,0.144,176.021
377,Blinding Lights,0.513,0.729,-5.941,0.0597,0.00159,0.0896,170.994
378,In Your Eyes,0.666,0.72,-5.371,0.0344,0.00284,0.0735,100.016
379,Save Your Tears,0.68,0.827,-5.483,0.0309,0.0215,0.543,118.046
380,Repeat After Me (Interlude),0.361,0.611,-7.914,0.0346,0.0317,0.09,95.016
381,After Hours,0.667,0.573,-6.096,0.0295,0.0819,0.121,108.973
382,Until I Bleed Out,0.248,0.393,-9.881,0.0362,0.422,0.0855,115.186
383,Blinding Lights - Chromatics Remix,0.618,0.654,-6.091,0.0713,0.0084,0.0647,171.032
384,Save Your Tears - OPN Remix,0.676,0.855,-5.799,0.0523,0.278,0.121,118.004
385,Heartless - Vapor Wave Remix,0.59,0.724,-3.71,0.0572,0.149,0.128,75.024
386,After Hours - The Blaze Remix,0.473,0.551,-7.44,0.0582,0.412,0.0874,109.001
387,Scared To Live - SNL Live,0.261,0.637,-5.619,0.0469,0.11,0.986,88.114
388,Good News,0.794,0.32,-12.92,0.173,0.853,0.112,174.088
389,Why Don't You Love Me (feat. Demi Lovato),0.53,0.802,-6.494,0.0362,0.121,0.118,148.054
390,Golden,0.448,0.838,-5.257,0.0557,0.21,0.131,139.863
391,Watermelon Sugar,0.548,0.816,-4.209,0.0465,0.122,0.335,95.39
392,Adore You,0.676,0.771,-3.675,0.0483,0.0237,0.102,99.048
393,Lights Up,0.575,0.621,-8.165,0.032,0.0392,0.141,101.987
394,Cherry,0.53,0.512,-9.261,0.0259,0.615,0.129,95.946
395,Falling,0.567,0.267,-6.502,0.0299,0.839,0.089,110.011
396,To Be So Lonely,0.758,0.436,-7.269,0.0418,0.618,0.335,104.959
397,She,0.535,0.521,-5.942,0.0272,0.000532,0.19,140.026
398,"Sunflower, Vol. 6",0.566,0.846,-6.904,0.035,0.000564,0.121,160.02
399,Canyon Moon,0.603,0.621,-7.14,0.0267,0.328,0.119,94.022
400,Treat People With Kindness,0.653,0.869,-3.725,0.0382,0.128,0.046,122.017
401,Fine Line,0.306,0.347,-8.5,0.0334,0.172,0.0485,120.996
402,Lost In Yesterday,0.569,0.84,-4.123,0.118,0.0295,0.0995,183.059
403,Life Is Good (feat. Drake),0.676,0.609,-5.831,0.481,0.0706,0.152,142.037
404,The Box,0.896,0.586,-6.687,0.0559,0.104,0.79,116.971
405,Circles,0.61,0.0316,-15.186,0.0486,0.896,0.108,151.964
406,Complicated,0.831,0.36,-8.073,0.052,0.136,0.0703,75.014
407,Blue World,0.742,0.553,-8.98,0.419,0.389,0.0694,84.931
408,Good News,0.794,0.32,-12.92,0.173,0.853,0.112,174.088
409,I Can See,0.699,0.503,-9.922,0.0882,0.391,0.0996,114.86
410,Everybody,0.875,0.599,-9.077,0.138,0.0333,0.113,152.061
411,Woods,0.779,0.362,-10.847,0.0474,0.135,0.111,85.011
412,Hand Me Downs,0.677,0.33,-11.198,0.149,0.474,0.064,68.985
413,That's On Me,0.583,0.499,-10.086,0.0261,0.591,0.33,155.199
414,Hands,0.739,0.627,-8.608,0.171,0.0459,0.159,74.962
415,Surf,0.828,0.182,-13.066,0.166,0.754,0.15,147.279
416,Once A Day,0.762,0.054,-16.735,0.0503,0.947,0.124,96.838
417,Intro,0.738,0.657,-8.737,0.109,0.164,0.163,159.01
418,Start Wit Me (feat. Gunna),0.886,0.479,-8.054,0.334,0.077,0.135,130.029
419,Perfect Time,0.577,0.734,-8.484,0.432,0.171,0.12,94.122
420,Moonwalkin (feat. Lil Durk),0.779,0.58,-7.594,0.284,0.0178,0.15,160.243
421,Big Stepper,0.753,0.597,-8.469,0.292,0.0477,0.197,76.997
422,Gods Eyes,0.865,0.649,-8.05,0.349,0.145,0.104,113.245
423,Peta (feat. Meek Mill),0.778,0.573,-7.339,0.251,0.015,0.464,140.114
424,Boom Boom Room,0.828,0.543,-7.678,0.0865,0.452,0.15,125.989
425,Elyse's Skit,0.803,0.242,-16.513,0.925,0.965,0.628,53.297
426,High Fashion (feat. Mustard),0.831,0.499,-8.442,0.114,0.269,0.3,97.956
427,Bacc Seat (feat. Ty Dolla $ign),0.783,0.524,-6.828,0.115,0.0404,0.087,144.989
428,Roll Dice,0.876,0.443,-8.995,0.178,0.279,0.105,153.029
429,Prayers To The Trap God,0.852,0.554,-8.254,0.389,0.0815,0.118,155.961
430,Tip Toe (feat. A Boogie Wit da Hoodie),0.757,0.673,-8.513,0.141,0.095,0.338,92.958
431,War Baby,0.663,0.706,-6.97,0.329,0.337,0.113,74.836
432,Broke Bitch,0.798,0.557,-7.4,0.175,0.0186,0.124,174.006
433,Slide,0.827,0.469,-9.141,0.341,0.0807,0.207,97.028
434,10/10,0.487,0.909,-4.092,0.0994,0.302,0.0781,187.829
435,Always,0.669,0.374,-7.349,0.0385,0.777,0.326,127.938
436,Laser Lights,0.518,0.403,-9.273,0.135,0.777,0.112,82.152
437,Face to Face,0.748,0.441,-7.653,0.0622,0.592,0.176,124.107
438,Stressed Out,0.65,0.319,-9.274,0.05,0.935,0.258,84.063
439,Never Had The Balls,0.691,0.68,-7.808,0.0365,0.387,0.0508,149.974
440,Pluto Projector,0.551,0.219,-11.196,0.0285,0.707,0.118,80.978
441,Every Way,0.416,0.0994,-15.182,0.0787,0.914,0.1,76.667
442,It Gets Better,0.705,0.379,-8.488,0.0319,0.482,0.0684,121.995
443,It's Not The Same Anymore,0.665,0.317,-10.644,0.0327,0.874,0.111,117.698
444,Tough On Myself,0.533,0.591,-6.523,0.0607,0.559,0.103,132.252
445,Useless Phrases,0.655,0.677,-5.668,0.0388,0.283,0.57,114.912
446,Cheap Queen,0.704,0.502,-6.272,0.137,0.743,0.113,87.013
447,Ain't Together,0.714,0.658,-5.497,0.0315,0.267,0.176,81.553
448,Do You Wanna See Me Crying?,0.589,0.559,-8.167,0.212,0.809,0.103,129.801
449,Homegirl,0.59,0.423,-6.969,0.0301,0.355,0.156,124.874
450,Prophet,0.516,0.833,-3.046,0.108,0.116,0.0993,166.007
451,"Isabel's Moment (feat. Tobias Jesso, Jr.)",0.344,0.334,-8.235,0.0389,0.934,0.101,133.658
452,Trust Nobody,0.609,0.911,-4.219,0.0745,0.118,0.135,79.987
453,Watching My Phone,0.605,0.353,-6.855,0.0307,0.754,0.0879,119.485
454,You Destroyed My Heart,0.439,0.858,-4.645,0.166,0.187,0.0707,203.911
455,Hit the Back,0.578,0.784,-5.38,0.0905,0.106,0.126,113.452
456,If You Think It's Love,0.432,0.34,-7.977,0.0824,0.807,0.0864,135.172
457,The Game,0.723,0.768,-5.281,0.053,0.207,0.0806,75.023
458,Rush (feat. Témé Tan),0.974,0.642,-7.069,0.0458,0.184,0.0744,108.013
459,Fado,0.821,0.54,-7.001,0.0683,0.203,0.102,114.021
460,Daydreaming,0.697,0.771,-6.222,0.0634,0.535,0.163,83.986
461,Don't Let Me Go,0.412,0.371,-9.602,0.0266,0.443,0.0981,96.661
462,Kiss It Off Me,0.522,0.298,-12.471,0.0261,0.75,0.11,80.409
463,Heavenly,0.536,0.437,-9.193,0.0248,0.676,0.11,105.22
464,You're the Only Good Thing in My Life,0.459,0.287,-11.2,0.0288,0.786,0.131,130.396
465,Touch,0.485,0.502,-9.404,0.024,0.365,0.103,95.93
466,Hentai,0.45,0.227,-12.426,0.0282,0.713,0.108,126.53
467,Cry,0.408,0.397,-10.448,0.0274,0.755,0.112,142.803
468,Falling in Love,0.476,0.266,-11.645,0.0264,0.72,0.127,140.805
469,Pure,0.53,0.208,-13.477,0.0319,0.54,0.101,134.542
470,Blind Leading The Blind,0.554,0.81,-5.791,0.0672,0.124,0.233,104.181
471,Stupid Things - Single Version,0.613,0.578,-7.717,0.103,0.131,0.378,80.996
472,Cry Baby,0.406,0.416,-11.675,0.0608,0.848,0.125,160.087
473,Simply Surviving,0.432,0.851,-5.016,0.074,0.116,0.311,173.993
474,What If Tomorrow Never Comes?,0.766,0.669,-6.846,0.0365,0.029,0.0879,133.995
475,Call In The Morning,0.643,0.463,-13.709,0.0397,0.868,0.114,104.039
476,MAMACITA,0.786,0.733,-4.961,0.127,0.0257,0.143,101.046
477,Over It,0.63,0.437,-8.113,0.125,0.231,0.0885,131.996
478,Body,0.555,0.507,-6.099,0.167,0.25,0.283,137.875
479,Playing Games (with Bryson Tiller) - Extended Version,0.726,0.408,-6.606,0.0614,0.603,0.225,115.918
480,Drunk Dialing...LODT,0.556,0.437,-7.194,0.178,0.604,0.201,125.662
481,Come Thru (with Usher),0.679,0.728,-3.092,0.154,0.159,0.107,152.001
482,Potential,0.53,0.37,-7.416,0.041,0.572,0.0765,72.732
483,Fun Girl,0.452,0.359,-5.943,0.0341,0.732,0.168,98.695
484,Tonight,0.715,0.534,-6.536,0.0428,0.169,0.0931,105.97
485,Me,0.611,0.251,-8.286,0.0843,0.703,0.106,89.696
486,Like It (with 6LACK),0.707,0.608,-3.841,0.213,0.201,0.121,129.872
487,Just Might (with PARTYNEXTDOOR),0.69,0.377,-7.907,0.0793,0.672,0.106,104.924
488,Stretch You Out (feat. A Boogie wit da Hoodie),0.64,0.519,-6.757,0.188,0.25,0.0883,103.359
489,Off Of You,0.479,0.431,-4.675,0.0645,0.352,0.1,140.067
490,Anna Mae,0.582,0.491,-7.975,0.0452,0.136,0.176,88.938
491,I'll Kill You (feat. Jhené Aiko),0.679,0.443,-8.528,0.153,0.427,0.106,104.049
492,Nobody Else,0.599,0.431,-8.039,0.0413,0.416,0.104,83.684
493,Playing Games,0.759,0.413,-7.282,0.0494,0.7,0.14,115.893
494,Girls Need Love (with Drake) - Remix,0.669,0.432,-9.432,0.199,0.415,0.123,97.132
495,BEST ON EARTH (feat. BIA) - Bonus,0.568,0.764,-3.465,0.255,0.217,0.0931,179.985
496,DHL,0.819,0.458,-10.223,0.167,0.582,0.128,122.981
497,Fuck it I love you,0.532,0.452,-10.654,0.043,0.892,0.127,129.895
498,It Might Be Time,0.586,0.786,-3.768,0.0484,0.0212,0.642,115.959
499,Bezerk (feat. A$AP Ferg),0.684,0.687,-4.673,0.2,0.0164,0.253,184.026
500,Elephant,0.491,0.472,-7.137,0.029,0.684,0.123,130.049
501,10/10,0.487,0.909,-4.091,0.102,0.301,0.0803,187.783
502,Wild Roses,0.629,0.784,-6.377,0.0362,0.00904,0.233,116.021
503,Everything Sucks,0.643,0.719,-5.523,0.0476,0.0267,0.0285,99.003
504,The Game,0.723,0.768,-5.281,0.053,0.207,0.0806,75.023
505,Fado,0.821,0.54,-7.001,0.0683,0.203,0.102,114.021
506,Daydreaming,0.697,0.771,-6.222,0.0634,0.535,0.163,83.986
507,New House,0.402,0.378,-8.682,0.0436,0.807,0.242,73.262
508,Nights Like This (feat. Ty Dolla $ign),0.61,0.725,-5.131,0.15,0.367,0.154,146.163
509,Wiggle It (feat. City Girls),0.806,0.76,-4.69,0.0465,0.0114,0.126,101.965
510,Sunflower,0.384,0.765,-4.463,0.0579,0.646,0.522,129.903
511,Hallways,0.449,0.411,-11.118,0.0295,0.863,0.234,158.052
512,"10,000 Hours (with Justin Bieber)",0.654,0.63,-4.644,0.0259,0.153,0.111,89.991
513,Juicy,0.77,0.697,-2.644,0.0607,0.0817,0.0663,170.084
514,Nights Like This (feat. Ty Dolla $ign),0.61,0.725,-5.131,0.15,0.367,0.154,146.163
515,Go To Town,0.71,0.71,-2.474,0.0579,0.0716,0.206,169.944
516,Cookie Jar,0.722,0.864,-3.317,0.107,0.00324,0.164,148.025
517,Roll With Us,0.664,0.637,-5.593,0.0283,0.00434,0.199,121.975
518,Wine Pon You (feat. Konshens),0.797,0.444,-7.738,0.0411,0.304,0.107,95.035
519,Fancy,0.747,0.734,-5.781,0.0361,0.0726,0.131,110.978
520,Wild Beach,0.713,0.675,-6.519,0.0654,0.251,0.117,120.048
521,Morning Light,0.594,0.504,-8.182,0.0254,0.0339,0.196,139.932
522,Candy,0.689,0.516,-5.857,0.0444,0.513,0.168,124.876
523,Game,0.75,0.783,-5.612,0.0524,0.00158,0.143,120.016
524,Casual,0.653,0.632,-6.866,0.0993,0.0827,0.0669,128.02
525,Down Low,0.556,0.745,-6.409,0.169,0.00184,0.367,141.252
526,Body Language,0.717,0.468,-7.077,0.0525,0.277,0.112,96.47
527,All Nighter,0.797,0.556,-7.08,0.168,0.183,0.0795,130.07
528,Juicy,0.77,0.697,-2.644,0.0607,0.0817,0.0663,170.084
529,Tia Tamera (feat. Rico Nasty),0.822,0.654,-4.623,0.132,0.019,0.233,119.884
530,MOOO!,0.869,0.532,-7.186,0.23,0.517,0.103,89.004
531,I Like Me Better,0.752,0.505,-7.621,0.253,0.535,0.104,91.97
532,HIGHEST IN THE ROOM,0.598,0.427,-8.764,0.0317,0.0546,0.21,76.469
533,Living In Lightning,0.56,0.629,-4.133,0.0276,0.0388,0.1,138.027
534,Astronaut,0.304,0.548,-4.056,0.0384,0.131,0.107,135.968
535,Imagination,0.409,0.931,-3.868,0.067,0.0193,0.0427,120.023
536,Difficult Love,0.238,0.664,-3.953,0.035,0.005,0.13,75.999
537,Me And The Moonlight,0.277,0.347,-9.074,0.0328,0.801,0.137,132.628
538,Mountain Of Madness,0.361,0.611,-3.805,0.0376,0.201,0.153,114.047
539,Song Of Unrest,0.222,0.71,-4.266,0.0391,0.116,0.157,82.94
540,Strangers,0.338,0.935,-2.232,0.0562,0.0189,0.185,151.844
541,The War Years,0.408,0.548,-7.691,0.032,0.507,0.137,131.081
542,Young Lovers,0.339,0.725,-2.637,0.0351,0.037,0.324,167.677
543,Lay Me Down,0.445,0.325,-9.054,0.0313,0.825,0.102,120.64
544,Lights Up,0.585,0.62,-8.09,0.0327,0.0426,0.15,101.939
545,Sacrifices (with EARTHGANG & J. Cole feat. Smino & Saba),0.825,0.672,-7.108,0.418,0.0858,0.123,147.01
546,Wells Fargo (with JID & EARTHGANG feat. Buddy & Guapdad 4000) - Interlude,0.8,0.826,-3.198,0.107,0.0706,0.181,148.021
547,RICKY,0.776,0.562,-6.901,0.363,0.0399,0.138,169.03
548,Big Titties (feat. Baauer and EarthGang),0.838,0.67,-6.854,0.31,0.0151,0.0892,170.037
549,I BEEN BORN AGAIN,0.73,0.634,-5.116,0.297,0.324,0.0712,79.554
550,Softly,0.759,0.436,-11.233,0.0419,0.33,0.102,94.03
551,Money In The Grave (Drake ft. Rick Ross),0.831,0.502,-4.045,0.046,0.101,0.122,100.541
552,We Good,0.629,0.436,-9.136,0.0367,0.381,0.127,75.487
553,Smack A Bitch,0.703,0.7,-2.417,0.221,0.0055,0.115,169.861
554,Girls Love Beyoncé (feat. James Fauntleroy),0.619,0.489,-11.25,0.46,0.782,0.106,126.046
555,ICY GRL (feat. Kehlani) - Bae Mix,0.876,0.609,-7.234,0.223,0.0155,0.0712,103.214
556,Best You Ever Had,0.726,0.786,-3.354,0.343,0.0231,0.287,180.903
557,W.A.B,0.695,0.923,-2.085,0.345,0.07,0.1,163.957
558,Ready Set (feat. Big Sean),0.849,0.62,-5.921,0.0589,0.00252,0.113,96.005
559,Perfect (feat. City Girls),0.967,0.668,-4.388,0.218,0.0932,0.0937,124.006
560,Hot Girl,0.761,0.637,-5.432,0.313,0.000278,0.251,185.904
561,Cold,0.675,0.906,-4.687,0.732,0.231,0.101,76.34
562,Cheat Code (feat. Baauer),0.873,0.91,-3.628,0.362,0.239,0.362,135.984
563,Hatin,0.872,0.878,-4.511,0.249,0.0499,0.0705,163.98
564,Nasty World (Skit),0.557,0.762,-9.573,0.132,0.721,0.476,82.209
565,Relative,0.736,0.77,-6.101,0.443,0.101,0.398,178.222
566,Mood (feat. Splurge),0.914,0.58,-5.415,0.463,0.0218,0.0955,140.168
567,Sell Out,0.626,0.567,-7.403,0.452,0.0566,0.251,78.299
568,Again,0.636,0.578,-6.65,0.645,0.358,0.117,76.317
569,BROWN SKIN GIRL,0.603,0.602,-7.083,0.23,0.049,0.279,119.703
570,Countin' Up,0.891,0.851,-4.804,0.203,0.0207,0.0224,95.987
571,Lame Niggaz,0.901,0.586,-8.072,0.337,0.0332,0.116,83.503
572,Hope You’re Happy,0.624,0.563,-6.725,0.171,0.168,0.108,79.806
573,Alewife,0.433,0.329,-13.288,0.0343,0.932,0.1,102.971
574,Impossible,0.432,0.615,-11.79,0.0494,0.255,0.128,99.574
575,Closer To You,0.76,0.376,-9.397,0.0426,0.164,0.107,76.996
576,North,0.352,0.632,-6.261,0.0473,0.244,0.153,96.929
577,Bags,0.742,0.546,-7.694,0.0315,0.172,0.115,104.996
578,Sofia,0.744,0.619,-9.805,0.039,0.598,0.231,112.997
579,White Flag,0.375,0.473,-10.053,0.0533,0.644,0.119,100.25
580,Feel Something,0.474,0.439,-10.107,0.0541,0.447,0.113,114.856
581,Sinking,0.79,0.338,-8.899,0.0292,0.586,0.0899,99.339
582,I Wouldn't Ask You,0.363,0.376,-10.95,0.0515,0.706,0.0841,133.76
583,Hot Girl Summer (feat. Nicki Minaj & Ty Dolla $ign),0.872,0.814,-4.568,0.155,0.00485,0.214,98.985
584,Beautiful People (feat. Khalid),0.64,0.647,-8.114,0.186,0.124,0.0801,92.979
585,South of the Border (feat. Camila Cabello & Cardi B),0.857,0.621,-6.376,0.0825,0.148,0.0865,97.989
586,Cross Me (feat. Chance the Rapper & PnB Rock),0.746,0.787,-6.373,0.12,0.212,0.0669,95.005
587,Take Me Back to London (feat. Stormzy),0.885,0.762,-5.513,0.216,0.219,0.162,138.058
588,Best Part of Me (feat. YEBBA),0.565,0.243,-8.367,0.0317,0.758,0.285,81.655
589,I Don't Care (with Justin Bieber),0.798,0.676,-5.041,0.0442,0.0902,0.0894,101.956
590,Antisocial (with Travis Scott),0.716,0.823,-5.313,0.0495,0.132,0.361,151.957
591,Remember The Name (feat. Eminem & 50 Cent),0.852,0.666,-6.923,0.184,0.135,0.798,91.046
592,Feels (feat. Young Thug & J Hus),0.665,0.68,-4.898,0.291,0.112,0.096,91.667
593,Put It All on Me (feat. Ella Mai),0.627,0.594,-8.306,0.0479,0.256,0.373,101.007
594,Nothing On You (feat. Paulo Londra & Dave),0.747,0.649,-6.218,0.218,0.333,0.172,88.011
595,I Don't Want Your Money (feat. H.E.R.),0.468,0.63,-6.536,0.0843,0.31,0.137,91.419
596,1000 Nights (feat. Meek Mill & A Boogie Wit da Hoodie),0.778,0.589,-5.548,0.269,0.467,0.0902,98.001
597,Way To Break My Heart (feat. Skrillex),0.726,0.731,-6.298,0.159,0.11,0.0928,170.125
598,BLOW (with Chris Stapleton & Bruno Mars),0.631,0.796,-5.35,0.0401,0.000245,0.38,92.47
599,Swervin (feat. 6ix9ine),0.581,0.662,-5.239,0.303,0.0153,0.111,93.023
600,4EVER,0.75,0.585,-7.576,0.0285,0.049,0.155,102.331
601,Motivation,0.599,0.887,-3.967,0.0984,0.0192,0.3,170.918
602,What Heaven's Left,0.372,0.55,-8.157,0.034,0.026,0.216,177.725
603,Midnight Sun,0.457,0.41,-12.036,0.0353,0.552,0.0834,152.606
604,Father Mountain,0.411,0.533,-9.009,0.0297,0.524,0.115,154.025
605,Outside El Paso,0.268,0.235,-21.374,0.0541,0.47,0.111,107.514
606,Follow the Water,0.654,0.436,-11.284,0.0288,0.648,0.0939,113.818
607,The Bitter Suite (Pájaro / Evil Eye / Tennessee Train),0.336,0.517,-10.067,0.0384,0.355,0.0815,81.456
608,Years to Burn,0.53,0.172,-17.007,0.0284,0.52,0.0822,106.744
609,In Your Own Time,0.561,0.647,-9.893,0.0315,0.486,0.14,119.611
610,"Down Bad (feat. JID, Bas, J. Cole, EARTHGANG & Young Nudy)",0.818,0.514,-5.451,0.364,0.0302,0.0372,149.732
611,"Hey, Ma",0.326,0.285,-10.972,0.0339,0.872,0.0968,143.702
612,Astronaut,0.304,0.548,-4.056,0.0384,0.131,0.107,135.968
613,Rich,0.935,0.749,-6.892,0.273,0.046,0.108,99.965
614,Superpowers (with GoldLink),0.823,0.372,-9.817,0.116,0.473,0.1,85.055
615,Str8 Outta Mumbai,0.716,0.74,-4.437,0.262,0.0625,0.156,114.916
616,Walk Man,0.931,0.699,-4.991,0.0781,0.354,0.121,94.987
617,Cheap Queen,0.64,0.485,-7.358,0.199,0.746,0.115,87.002
618,Rollercoaster,0.697,0.58,-7.986,0.0451,0.0583,0.393,123.977
619,Price On My Head (feat. The Weeknd),0.772,0.578,-6.15,0.132,0.35,0.311,74.982
620,Broken Parts,0.497,0.68,-9.222,0.0433,0.13,0.375,172.067
621,Movement - Maya Jane Coles Remix,0.833,0.56,-8.161,0.0375,0.314,0.0947,126.005
622,Style,0.59,0.906,-2.892,0.0618,0.00633,0.386,111.997
623,Dancing With A Stranger (With Normani) - Cheat Codes Remix,0.746,0.557,-6.722,0.0542,0.103,0.138,111.961
624,Somebody to Love - Acoustic Version,0.819,0.271,-8.655,0.0637,0.864,0.125,108.837
625,Tell Me You Started to Pray,0.645,0.756,-7.532,0.0358,0.326,0.261,120.936
626,Missed Connection,0.669,0.789,-5.134,0.0518,0.0116,0.387,87.57
627,"February 13, 2019: Opportunity - Mission Complete",0.212,0.323,-14.421,0.0337,0.938,0.115,116.405
628,Sunday,0.236,0.84,-3.454,0.0572,0.00238,0.303,129.19
629,Reflektor,0.525,0.618,-8.209,0.0304,0.0103,0.0771,110.012
630,Unemployed,0.877,0.371,-6.751,0.778,0.0318,0.105,153.997
631,My Bad,0.645,0.568,-9.127,0.0823,0.543,0.257,84.999
632,Survivors - Acoustic,0.535,0.281,-9.852,0.0291,0.75,0.109,149.052
633,i'm so tired... - MNEK remix,0.635,0.87,-9.198,0.0476,0.16,0.165,108.989
634,Father Mountain,0.413,0.537,-8.994,0.0292,0.55,0.115,153.797
635,Wind & Anchor,0.44,0.324,-9.468,0.0307,0.777,0.0621,79.382
636,Only Child,0.826,0.365,-7.024,0.0412,0.849,0.186,85.244
637,San Luis,0.567,0.434,-12.755,0.0349,0.86,0.115,82.459
638,Superposition,0.654,0.601,-9.006,0.0343,0.147,0.0931,169.955
639,House Of Glass,0.526,0.926,-2.537,0.139,0.00239,0.072,146.895
640,Patience,0.546,0.859,-5.966,0.0306,0.00223,0.0529,99.965
641,Countdown,0.404,0.752,-7.028,0.0365,0.309,0.472,157.072
642,Canyons Sunrise Reprise,0.612,0.469,-9.541,0.0283,0.0974,0.0726,102.475
643,Sleep Apnea,0.552,0.686,-10.63,0.0268,0.139,0.138,79.983
644,Waves of Confidence,0.86,0.29,-11.947,0.0563,0.859,0.0614,118.851
645,Talk,0.9,0.4,-8.443,0.124,0.0501,0.0876,136.001
646,"BIG BANK (feat. 2 Chainz, Big Sean, Nicki Minaj)",0.745,0.346,-7.709,0.331,0.00552,0.0881,203.911
647,Tempo (feat. Missy Elliott),0.833,0.722,-5.563,0.136,0.0573,0.358,107.019
648,Freaky,0.966,0.563,-5.764,0.0618,0.00202,0.105,104.991
649,Love Is Blind,0.571,0.477,-12.319,0.0392,0.6,0.111,77.954
650,!!!!!!!,0.0,0.278,-21.63,0.0,0.768,0.669,0.0
651,bad guy,0.701,0.425,-10.965,0.375,0.328,0.1,135.128
652,xanny,0.521,0.125,-17.832,0.239,0.751,0.265,111.554
653,you should see me in a crown,0.678,0.533,-10.485,0.186,0.462,0.139,150.455
654,all the good girls go to hell,0.726,0.444,-8.922,0.372,0.283,0.177,185.044
655,wish you were gay,0.853,0.351,-10.198,0.241,0.39,0.752,118.028
656,when the party's over,0.367,0.111,-14.084,0.0972,0.978,0.0897,82.642
657,8,0.735,0.235,-13.239,0.315,0.698,0.107,62.446
658,my strange addiction,0.939,0.305,-10.952,0.354,0.35,0.105,100.029
659,bury a friend,0.905,0.389,-14.505,0.332,0.74,0.106,120.046
660,ilomilo,0.855,0.423,-15.044,0.0585,0.724,0.0896,120.02
661,listen before i go,0.319,0.0561,-23.023,0.045,0.935,0.388,79.764
662,i love you,0.421,0.131,-18.435,0.0382,0.952,0.109,137.446
663,goodbye,0.153,0.138,-21.877,0.0503,0.837,0.254,74.318
664,Sweet Talk,0.67,0.843,-4.311,0.0454,0.0392,0.225,117.01
665,First Day of My Life,0.613,0.188,-14.86,0.0318,0.941,0.135,104.086
666,Beach Bummer,0.689,0.783,-5.148,0.0447,0.0654,0.147,129.955
667,Weekend Friend,0.409,0.594,-9.725,0.031,0.032,0.0904,110.187
668,Humongous,0.35,0.806,-7.356,0.086,6.1e-05,0.152,115.065
669,Brazil,0.687,0.617,-5.213,0.0287,0.0941,0.0898,121.08
670,The Kids Don't Wanna Come Home,0.563,0.575,-7.407,0.0456,0.0681,0.137,122.018
671,Mind,0.437,0.785,-5.781,0.0277,0.00461,0.231,180.922
672,Make Me Your Queen,0.492,0.666,-6.42,0.0317,0.00146,0.104,125.042
673,Isombard,0.401,0.915,-6.829,0.0462,0.000592,0.317,169.905
674,I Am Everyone Else,0.371,0.907,-4.912,0.0543,0.0201,0.105,123.606
675,Bethlehem,0.548,0.755,-6.722,0.0304,0.00142,0.141,126.999
676,Why Do You Feel So Down,0.545,0.907,-5.852,0.0416,0.0583,0.102,114.523
677,Paracetamol,0.489,0.683,-6.32,0.0295,0.099,0.637,83.993
678,Listen to Your Friends,0.324,0.839,-7.08,0.0819,0.293,0.224,99.941
679,Power is Power,0.507,0.644,-7.485,0.0641,0.00413,0.217,179.913
680,Broken Boy,0.52,0.931,-3.051,0.0969,0.0018,0.115,166.027
681,Social Cues,0.668,0.913,-3.097,0.0348,0.0119,0.111,132.039
682,Black Madonna,0.706,0.728,-3.184,0.035,0.0012,0.0753,109.987
683,Night Running,0.602,0.946,-2.298,0.0654,0.066,0.388,141.925
684,Skin and Bones,0.539,0.788,-3.228,0.0397,0.0089,0.29,159.983
685,Ready To Let Go,0.719,0.896,-3.263,0.037,0.011,0.0731,100.962
686,House Of Glass,0.526,0.926,-2.537,0.139,0.00239,0.072,146.895
687,Love's The Only Way,0.342,0.331,-8.884,0.0287,0.637,0.105,130.859
688,The War Is Over,0.535,0.919,-3.609,0.0713,0.0192,0.35,98.963
689,Dance Dance,0.61,0.762,-2.703,0.0271,0.00179,0.28,106.029
690,What I'm Becoming,0.57,0.472,-5.175,0.0285,0.00366,0.0891,134.974
691,Tokyo Smoke,0.454,0.953,-3.05,0.152,1.67e-05,0.106,142.971
692,Goodbye,0.347,0.326,-7.198,0.0309,0.312,0.107,101.998
693,Borderline,0.598,0.71,-6.839,0.0272,0.0476,0.1,97.976
694,River Flows in You,0.3,0.229,-17.224,0.0556,0.979,0.104,70.063
695,Little Talks,0.457,0.757,-5.177,0.032,0.0206,0.146,102.961
696,1950,0.559,0.53,-7.131,0.0941,0.653,0.117,71.857
697,Talia,0.393,0.523,-6.996,0.11,0.569,0.167,179.974
698,Pussy Is God,0.739,0.621,-6.929,0.238,0.049,0.0718,85.969
699,party favor,0.826,0.188,-12.181,0.0883,0.882,0.103,130.022
700,Shallow - Radio Edit,0.575,0.33,-6.557,0.031,0.416,0.0872,95.801
701,17,0.598,0.751,-4.429,0.0341,0.0214,0.0919,114.137
702,Make It Alright,0.608,0.797,-7.002,0.0589,0.0222,0.0841,120.088
703,Howling,0.62,0.477,-6.911,0.0271,0.326,0.171,92.001
704,"Sleeping Sickness - Live In Halifax, NS May 9th, 2017",0.567,0.49,-8.845,0.0423,0.83,0.988,132.645
705,Hurt Feelings,0.69,0.462,-8.054,0.13,0.343,0.113,157.655
706,You’ll Never Know,0.764,0.842,-3.835,0.059,0.0546,0.0351,105.015
707,Waiting Room,0.752,0.345,-8.992,0.0309,0.809,0.112,109.877
708,Loving Is Easy,0.756,0.609,-7.927,0.0544,0.217,0.096,117.023
709,Something That We're Not,0.743,0.939,-3.186,0.0554,0.0328,0.13,129.021
710,All My Life,0.543,0.728,-5.643,0.0295,0.0692,0.108,116.926
711,Shotgun,0.672,0.735,-4.733,0.0457,0.286,0.242,115.741
712,Til The Morning,0.728,0.285,-13.682,0.0436,0.911,0.119,113.882
713,In My Head,0.64,0.649,-5.558,0.0922,0.0482,0.554,107.964
714,Go Legend (& Metro Boomin),0.656,0.564,-8.925,0.0883,0.0167,0.165,150.014
715,Counting Stars,0.664,0.705,-4.972,0.0382,0.0654,0.115,122.017
716,I Lived,0.599,0.854,-5.429,0.0436,0.0746,0.278,119.986
717,Something I Need,0.683,0.601,-6.927,0.0308,0.164,0.119,98.97
718,Tongue Tied,0.56,0.936,-5.835,0.0439,0.00847,0.161,112.96
719,"Gone, Gone, Gone",0.664,0.642,-5.961,0.038,0.129,0.114,118.002
720,Telescope,0.589,0.481,-4.801,0.0285,0.273,0.0986,93.568
721,Halo,0.575,0.985,-1.038,0.0743,0.0399,0.166,116.011
722,Cigarette Daydreams,0.635,0.675,-3.445,0.0263,0.0801,0.0831,113.946
723,Mess Around,0.423,0.931,-5.229,0.0542,0.0122,0.629,150.385
724,The Less I Know The Better,0.64,0.74,-4.083,0.0284,0.0115,0.167,116.879
725,Let It Happen,0.602,0.881,-5.875,0.0443,0.00462,0.111,125.012
726,What's My Age Again?,0.403,0.956,-7.376,0.0732,0.017,0.0893,157.706
727,Adam's Song,0.514,0.771,-5.756,0.0364,0.039,0.262,136.058
728,The Rock Show,0.41,0.959,-4.563,0.0869,0.000324,0.0766,193.155
729,Riptide,0.484,0.731,-6.694,0.0379,0.431,0.151,101.654
730,First Time,0.639,0.894,-7.184,0.142,0.313,0.168,116.009
731,Straight into Your Arms - Bonus Track Version,0.645,0.557,-5.883,0.0329,0.224,0.374,100.026
732,I'm with You,0.657,0.396,-9.255,0.0293,0.805,0.103,110.003
733,Take Your Time,0.638,0.687,-6.556,0.0351,0.4,0.166,114.98
734,So Long,0.899,0.573,-5.47,0.0556,0.267,0.0854,120.006
735,Towers,0.35,0.334,-12.412,0.0323,0.945,0.273,91.592
736,X (with 2 Chainz & Saudi),0.768,0.471,-8.406,0.259,0.0201,0.268,131.023
737,HOTTIE,0.856,0.712,-6.355,0.0621,0.163,0.123,128.994
738,ZIPPER,0.835,0.681,-4.357,0.111,0.249,0.18,113.989
739,Wanted You (feat. Lil Uzi Vert),0.795,0.728,-4.712,0.0544,0.207,0.237,146.979
740,SWEET,0.718,0.628,-6.007,0.223,0.543,0.116,92.107
741,Holocene,0.375,0.304,-14.52,0.0302,0.943,0.126,147.989
742,Cigarette Daydreams - Unpeeled,0.615,0.56,-7.436,0.0272,0.403,0.0979,116.334
743,Ho Hey,0.683,0.472,-9.08,0.0317,0.761,0.0873,79.931
744,Wilderman,0.545,0.201,-14.331,0.0442,0.884,0.102,117.82
745,Ripple Effect,0.732,0.646,-6.233,0.0493,0.81,0.109,88.049
746,Up!,0.618,0.748,-4.131,0.0373,0.0869,0.647,125.94
747,The Night We Met,0.545,0.366,-9.51,0.0378,0.969,0.641,86.997
748,Dosed,0.565,0.776,-4.161,0.0282,0.00856,0.111,104.346
749,The Zephyr Song,0.717,0.782,-4.086,0.0338,0.0108,0.0904,117.38
750,I Could Die for You,0.377,0.734,-3.645,0.0334,0.0985,0.0942,169.988
751,Otherside,0.458,0.795,-3.265,0.0574,0.00316,0.0756,123.229
752,Californication,0.592,0.767,-2.788,0.027,0.0021,0.127,96.483
753,Scar Tissue,0.437,0.717,-4.803,0.039,0.0779,0.108,178.085
754,Porcelain,0.371,0.259,-11.352,0.0312,0.443,0.0752,140.425
755,Someone In The Crowd,0.616,0.538,-9.165,0.17,0.0906,0.192,127.948
756,In a Black Out,0.498,0.291,-10.974,0.029,0.781,0.116,87.967
757,Galway Girl,0.624,0.876,-3.374,0.1,0.0735,0.327,99.943
758,Nancy Mulligan,0.68,0.852,-4.35,0.0349,0.117,0.0866,101.993
759,In The Light,0.685,0.417,-9.603,0.0278,0.844,0.1,98.134
760,In My Life - Remastered 2009,0.688,0.435,-11.359,0.0323,0.449,0.113,103.239
761,Sunset Lover,0.773,0.475,-8.773,0.0501,0.798,0.112,90.835
762,Featherstone,0.803,0.373,-13.692,0.0367,0.868,0.104,124.921
763,This Girl (Kungs Vs. Cookin' On 3 Burners),0.792,0.717,-4.759,0.0393,0.0927,0.226,121.985
764,All Night,0.6,0.905,-3.41,0.0357,0.00274,0.831,124.032
765,Love Stuck,0.667,0.861,-4.43,0.0339,0.0209,0.0841,106.997
766,How Far I'll Go,0.571,0.307,-10.958,0.0499,0.649,0.178,83.72
767,Dusseldorf,0.733,0.716,-6.26,0.0295,0.0501,0.27,128.993
768,440 Volt,0.691,0.719,-8.093,0.0661,0.273,0.07,162.058
769,Naive,0.565,0.818,-6.202,0.0661,0.0767,0.0402,103.342
770,Flashed Junk Mind,0.839,0.84,-8.721,0.0474,0.389,0.114,117.98
771,Map Of The World,0.62,0.727,-6.617,0.0282,0.164,0.188,77.464
772,101,0.71,0.827,-5.244,0.032,0.0437,0.0896,110.003
773,Kids,0.451,0.931,-3.871,0.0719,0.00076,0.361,122.961
774,Electric Feel,0.763,0.807,-3.714,0.035,0.0714,0.348,103.038
775,Pop Style,0.789,0.488,-9.093,0.227,0.179,0.104,133.114
776,How to Save a Life,0.64,0.743,-4.08,0.0379,0.269,0.101,122.035
777,Fell in Love with a Girl,0.323,0.976,-1.598,0.129,0.69,0.794,95.883
778,Icky Thump,0.424,0.632,-7.243,0.0922,0.021,0.0545,97.694
779,Funky Town,0.906,0.63,-8.071,0.0575,0.000547,0.0994,122.458
780,I'm Just A Kid,0.527,0.834,-5.531,0.0447,0.00107,0.0993,110.065
781,17,0.352,0.254,-8.51,0.0473,0.844,0.108,79.989
782,Spirits,0.552,0.725,-3.671,0.0266,0.154,0.108,80.506
783,King Kunta,0.884,0.657,-4.569,0.0977,0.00589,0.154,107.059
784,Gone (The Pocahontas Song),0.688,0.503,-10.356,0.046,0.828,0.088,124.903
785,Earth,0.694,0.664,-4.649,0.05,0.639,0.0929,95.941
786,Supercut,0.562,0.437,-10.229,0.052,0.219,0.0806,124.852
787,Blood Bank,0.494,0.372,-11.89,0.0331,0.964,0.117,116.855
788,Romeo And Juliet,0.611,0.397,-8.47,0.0266,0.43,0.239,84.359
789,Long Way Home,0.455,0.88,-5.041,0.0587,0.00977,0.223,181.987
790,Somewhere Only We Know,0.442,0.606,-5.825,0.0259,0.0678,0.0973,171.982
791,"Blood Bank - Live From Ericsson Globe, Stockholm SE, Oct 31 2018",0.276,0.516,-10.426,0.0374,0.856,0.964,114.003
792,When You Were Young,0.467,0.988,-3.313,0.112,0.000152,0.28,130.433
793,"How Far I'll Go (From ""Moana"") [Piano Version]",0.354,0.208,-14.746,0.0433,0.966,0.12,99.523
794,You're Welcome - Instrumental,0.808,0.684,-10.08,0.0544,0.0214,0.144,135.085
795,"I See the Light [Instrumental Version] (From ""Tangled"")",0.344,0.04,-21.012,0.0345,0.975,0.116,91.929
796,How to Train Your Dragon Medley,0.364,0.234,-12.031,0.0366,0.955,0.105,120.343
797,One Year Later,0.511,0.132,-16.37,0.043,0.925,0.109,115.108
798,Romantic Flight,0.221,0.32,-11.829,0.0315,0.47,0.114,103.511
799,Fairytale,0.0877,0.163,-18.769,0.0362,0.722,0.463,83.13
800,Test Drive,0.259,0.583,-9.489,0.0418,0.0249,0.328,111.153
801,Forbidden Friendship,0.279,0.295,-15.135,0.035,0.859,0.547,129.169
802,The Avengers,0.25,0.553,-8.188,0.0429,0.606,0.145,118.985
803,This Is Berk,0.255,0.489,-9.459,0.0587,0.512,0.229,123.267
804,"This Land - From ""The Lion King""/Score",0.145,0.174,-19.155,0.0396,0.516,0.0784,100.089
805,"Kingdom Dance - From ""Tangled""/Score",0.239,0.614,-9.819,0.0773,0.0904,0.129,155.658
806,To Love's End (InuYasha),0.62,0.118,-22.687,0.135,0.986,0.0698,121.946
807,A Star Is Born (The Piano Medley): La Vie En Rose / Maybe It's Time / Shallow / Always Remember Us This Way / Look What I Found / I'll Never Love Again,0.433,0.232,-14.411,0.0399,0.942,0.156,114.463
808,The Night We Met (Piano Arrangement),0.307,0.216,-16.605,0.0542,0.971,0.0946,179.728
809,I'm Not the Only One (Piano Arrangement),0.547,0.168,-15.801,0.0494,0.989,0.125,85.647
810,"A Thousand Years - From ""Twilight""",0.427,0.0752,-20.366,0.0577,0.99,0.0875,133.922
811,Yesterday - Far Away Version,0.446,0.0894,-18.633,0.0449,0.995,0.154,83.583
812,Rewrite the Stars - Instrumental,0.649,0.527,-10.791,0.0283,0.34,0.13,125.464
813,Shawn Mendes The Piano Tribute Medley: There's Nothing Holdin' Me Back / Mercy / Youth / In My Blood / Treat You Better / Lost In Japan,0.279,0.201,-18.001,0.0371,0.919,0.113,130.804
814,The Light,0.154,0.123,-16.596,0.0421,0.908,0.208,101.738
815,Queen: The Piano Tribute Medley,0.363,0.218,-16.16,0.0353,0.95,0.262,96.962
816,Wake Me Up (Avicii Tribute),0.291,0.275,-15.776,0.0414,0.919,0.11,162.949
817,Game of Thrones (Piano Theme Song),0.191,0.237,-19.107,0.0406,0.772,0.107,167.622
818,Here Comes the Sun,0.617,0.482,-11.96,0.035,0.943,0.108,140.161
819,Someone Like You,0.669,0.23,-17.312,0.047,0.995,0.107,127.125
820,Love Story,0.515,0.401,-12.298,0.0547,0.989,0.129,119.012
821,Rolling in the Deep,0.573,0.133,-15.239,0.04,0.991,0.0822,184.169
822,Story of My Life,0.318,0.445,-9.597,0.0348,0.986,0.0892,123.855
823,A Thousand Years,0.23,0.217,-13.464,0.0386,0.989,0.0844,157.084
824,Halo,0.628,0.696,-7.93,0.031,0.143,0.115,80.061
825,22,0.43,0.375,-15.517,0.0432,0.989,0.133,208.088
826,Pompeii - Piano,0.611,0.416,-13.224,0.0403,0.95,0.317,127.499
827,Stitches,0.658,0.275,-16.866,0.0368,0.971,0.176,150.008
828,Thinking Out Loud,0.666,0.155,-17.768,0.0587,0.992,0.114,78.996
829,Counting Stars,0.488,0.246,-15.086,0.0382,0.991,0.106,105.736
830,When the Party's Over,0.413,0.00769,-33.989,0.057,0.992,0.164,68.407
831,Chasing Cars - Piano,0.613,0.281,-15.364,0.0693,0.933,0.0823,104.016
832,Sunflower (Piano Arrangement),0.318,0.0592,-25.197,0.0492,0.993,0.0958,180.184
833,ME! - Instrumental,0.346,0.118,-20.248,0.0457,0.983,0.161,143.286
834,If I Can't Have You - Piano Rendition,0.688,0.434,-13.051,0.0526,0.968,0.15,123.961
835,I'm Yours,0.675,0.134,-13.79,0.0402,0.673,0.158,75.014
836,Castle on the Hill (Piano Arrangement),0.412,0.307,-13.194,0.0451,0.984,0.105,138.585
837,Photograph (Instrumental),0.672,0.231,-17.552,0.0388,0.972,0.1,108.021
838,Somebody That I Used to Know,0.684,0.303,-13.127,0.0316,0.773,0.0994,129.007
839,This Is Me - Piano Arrangement,0.337,0.356,-14.706,0.0356,0.932,0.0879,95.159
840,Ocean Eyes (Piano Arrangement),0.333,0.222,-16.805,0.0604,0.96,0.0826,152.885
841,Perfect,0.507,0.19,-15.628,0.0639,0.987,0.11,179.221
842,Let Her Go,0.427,0.0382,-26.237,0.0634,0.994,0.108,132.337
843,Love Yourself (Piano Arrangement),0.451,0.3,-13.445,0.0552,0.972,0.169,99.911
844,Apologize,0.313,0.0238,-29.804,0.055,0.994,0.113,99.561
845,Chandelier,0.409,0.109,-19.849,0.0547,0.952,0.158,119.199
846,Senorita - Piano Version,0.606,0.266,-24.654,0.0595,0.979,0.116,112.004
847,Jane The Virgin - Jane's Love Song - Main Theme,0.319,0.198,-18.412,0.0512,0.928,0.122,75.066
848,Song Of Storms,0.506,0.531,-12.937,0.0375,0.395,0.0985,94.91
849,"Song of Storms (From ""Ocarina of Time"")",0.594,0.267,-13.201,0.0367,0.98,0.137,98.94
850,I Will Always Love You,0.487,0.0162,-27.874,0.0673,0.989,0.0872,85.849
851,Hold Back the River,0.582,0.143,-18.144,0.0561,0.923,0.0708,136.04
852,The A Team (Angels To Fly) (Instrumental),0.554,0.312,-16.227,0.0477,0.986,0.112,78.998
853,La La Land Medley,0.205,0.112,-17.313,0.0348,0.974,0.109,79.359
854,Beauty and the Beast,0.122,0.163,-15.691,0.0413,0.891,0.108,179.383
855,Game of Thrones Medley,0.129,0.428,-12.903,0.0487,0.716,0.104,169.922
856,Stranger Things Medley,0.189,0.246,-17.351,0.0386,0.803,0.11,161.438
857,Interstellar Theme,0.39,0.0893,-21.068,0.0371,0.913,0.0966,104.828
858,Star Wars Medley,0.134,0.254,-12.607,0.0357,0.911,0.109,88.125
859,Pirates of the Caribbean Medley,0.278,0.277,-13.274,0.0375,0.936,0.113,115.98
860,Studio Ghibli Medley Pt. 1,0.341,0.0527,-19.589,0.0421,0.942,0.111,130.691
861,Studio Ghibli Medley Pt. 2,0.256,0.0608,-17.508,0.0463,0.957,0.0853,72.173
862,Inochi no Namae,0.479,0.133,-20.073,0.0608,0.982,0.107,167.678
863,Itsumo Nando Demo,0.728,0.255,-22.912,0.0591,0.986,0.106,110.007
864,Shiroi Ryuu,0.677,0.11,-23.694,0.0651,0.991,0.0815,99.998
865,Sootballs,0.685,0.257,-20.34,0.0534,0.954,0.105,109.994
866,The Dragon Boy,0.279,0.0454,-24.75,0.0347,0.988,0.104,172.191
867,The Sixth Station,0.703,0.0325,-22.841,0.0839,0.945,0.0871,75.064
868,Waltz of Chihiro,0.691,0.152,-19.972,0.085,0.988,0.112,80.004
869,High School Musical Piano Medley,0.38,0.253,-15.454,0.0368,0.93,0.15,97.87
870,Inuyasha's Lullaby,0.563,0.0473,-24.678,0.0402,0.993,0.166,109.927
871,Sango's Theme,0.824,0.0324,-27.712,0.335,0.991,0.108,119.989
872,Kikyo's Theme,0.856,0.0559,-26.457,0.198,0.995,0.119,128.005
873,To Love's End,0.484,0.0529,-23.237,0.132,0.986,0.107,90.014
874,Affections Touching Across Time,0.866,0.0804,-25.538,0.0773,0.987,0.15,107.986
875,Angelus,0.319,0.145,-25.855,0.05,0.975,0.117,129.558
876,Beautiful Memories,0.565,0.0276,-27.171,0.107,0.993,0.0857,103.401
877,Come,0.805,0.209,-17.017,0.149,0.859,0.063,119.681
878,Dearest,0.58,0.251,-19.301,0.0619,0.763,0.124,137.529
879,Pure Shards,0.793,0.382,-17.419,0.0829,0.686,0.0335,115.948
880,I Am,0.475,0.282,-23.553,0.125,0.988,0.134,208.979
881,Kitsune Youkai Shippou,0.886,0.0698,-21.43,0.167,0.984,0.0931,96.009
882,Hanyou Inuyasha,0.701,0.359,-16.42,0.162,0.186,0.158,111.456
883,"Tetsukazu no Kanjou (From ""Tonari no Kaibutsu-Kun"")",0.695,0.107,-17.022,0.0631,0.971,0.0812,77.524
884,"I Will (From ""Ao Haru Ride"")",0.446,0.172,-17.752,0.0884,0.982,0.0956,141.813
885,"Omake-Pfadlib (From ""Attack on Titan"")",0.511,0.159,-18.755,0.0843,0.984,0.114,135.116
886,"Continued Story (From ""Code Geass"")",0.275,0.111,-20.813,0.0594,0.977,0.0887,170.246
887,"Butter-Fly (From ""Digimon"")",0.511,0.297,-13.297,0.102,0.944,0.117,116.473
888,"Dear You -Feel- (From ""Higurashi no Naku Koro ni"")",0.421,0.269,-13.665,0.0627,0.835,0.0882,85.894
889,"Madoromi no Yakusoku (From ""Hyouka"")",0.562,0.2,-17.687,0.0424,0.979,0.122,88.865
890,"To Love's End (From ""Inuyasha"")",0.592,0.0582,-18.106,0.118,0.982,0.133,135.868
891,"The Bound Two (From ""Mirai Nikki"")",0.59,0.01,-22.379,0.0509,0.994,0.11,70.225
892,"This Game (From ""No Game No Life"")",0.403,0.317,-12.878,0.0692,0.923,0.101,135.929
893,"Title Screen (From ""Pokémon Red and Blue"")",0.309,0.28,-12.424,0.0658,0.753,0.136,146.134
894,"Ignite (From ""Sword Art Online"")",0.413,0.424,-11.76,0.041,0.816,0.0623,167.599
895,"In Your Past (From ""Sword Art Online"")",0.635,0.0336,-20.495,0.374,0.988,0.11,104.823
896,"Niji no Oto (From ""Sword Art Online"")",0.463,0.293,-14.473,0.076,0.912,0.232,87.803
897,Kagomes Theme,0.414,0.31,-8.485,0.0314,0.717,0.098,111.973
898,Snow (Hey Oh),0.249,0.0601,-29.753,0.0378,0.974,0.0777,100.015
899,All Is Found - Instrumental,0.185,0.18,-16.276,0.0376,0.837,0.0891,79.236
900,All Is Found - Instrumental,0.185,0.18,-16.276,0.0376,0.837,0.0891,79.236
901,Some Things Never Change - Instrumental,0.585,0.462,-9.054,0.0274,0.227,0.185,89.914
902,Into the Unknown - Instrumental,0.335,0.487,-10.481,0.0461,0.864,0.0949,109.383
903,Lost in the Woods - Instrumental,0.464,0.349,-10.988,0.0276,0.562,0.106,74.982
904,Show Yourself - Instrumental,0.382,0.321,-11.959,0.0325,0.619,0.0464,124.186
905,The Next Right Thing - Instrumental,0.165,0.073,-19.512,0.0378,0.814,0.472,106.626
906,Into the Unknown - Frozen 2 - Piano Rendition,0.506,0.243,-17.698,0.0444,0.978,0.117,117.016
907,Into the Unknown - Frozen 2 - Epic Version,0.265,0.859,-6.72,0.0711,0.0149,0.104,116.538
908,Some Things Never Change - Frozen 2 - Piano Rendition,0.61,0.15,-22.42,0.0528,0.993,0.0997,159.976
909,The Next Right Thing - Frozen 2 - Piano Rendition,0.397,0.133,-13.537,0.0672,0.98,0.0609,106.342
910,Show Yourself - Frozen 2 - Piano Rendition,0.511,0.148,-18.882,0.0381,0.987,0.0997,121.116
911,Into the Unknown - Frozen 2 - Piano Rendition,0.275,0.245,-17.766,0.0458,0.975,0.117,116.964
912,Let It Go - Frozen - Epic Version,0.454,0.571,-8.446,0.0331,0.0144,0.154,137.193
913,What I Did for Love,0.364,0.126,-20.825,0.0311,0.966,0.0827,95.086
914,Flume,0.269,0.233,-12.508,0.0326,0.72,0.109,101.953
915,Sailor Moon – Moonlight Legend,0.521,0.26,-12.382,0.0413,0.802,0.251,140.026
916,"Bella's Lullaby (From ""Twilight"")",0.274,0.0571,-30.322,0.0545,0.988,0.0844,174.477
917,"Waiting for the Lights - From ""Tangled""/Score",0.182,0.115,-16.315,0.0376,0.935,0.494,143.274
918,If I Never Knew You - Instrumental,0.553,0.312,-11.949,0.0256,0.71,0.127,103.721
919,Green Light - Instrumental,0.366,0.245,-18.901,0.0538,0.977,0.0851,128.942
920,Sober - Instrumental,0.664,0.181,-19.549,0.0519,0.968,0.0961,108.011
921,Homemade Dynamite - Instrumental,0.646,0.148,-18.265,0.053,0.99,0.106,71.302
922,The Louvre - Instrumental,0.607,0.0942,-23.612,0.0511,0.972,0.0878,123.018
923,Hard Feelings/Loveless - Instrumental,0.549,0.109,-19.795,0.0532,0.985,0.0808,75.031
924,Sober II (Melodrama) - Instrumental,0.729,0.151,-19.309,0.0753,0.977,0.0813,56.496
925,Writer in the Dark - Instrumental,0.693,0.162,-18.578,0.0578,0.991,0.0908,71.997
926,Supercut - Instrumental,0.589,0.122,-19.996,0.0492,0.981,0.0927,125.023
927,Perfect Places - Instrumental,0.328,0.308,-17.421,0.0514,0.99,0.0914,206.621
928,Liability - Instrumental,0.614,0.201,-21.587,0.0527,0.982,0.108,75.984
929,Für Elise Jam,0.604,0.483,-9.268,0.0528,0.954,0.0696,155.961
930,Superposition,0.593,0.697,-5.416,0.0399,0.00289,0.14,170.0
931,Simplify,0.456,0.86,-3.444,0.0403,0.00123,0.154,99.159
932,Call Me Back,0.75,0.365,-6.741,0.0372,0.202,0.122,89.981
933,Heat of the Summer,0.602,0.856,-5.558,0.0458,0.00515,0.098,80.021
934,Oblivion,0.305,0.704,-7.727,0.0394,0.00165,0.172,169.91
935,Darkest Shade of Blue,0.382,0.241,-11.942,0.04,0.862,0.0995,128.17
936,Brother's Keeper,0.705,0.816,-3.617,0.0488,0.00269,0.0969,120.019
937,Glory,0.63,0.663,-6.728,0.0315,0.081,0.101,155.964
938,Tightrope,0.847,0.727,-6.169,0.0485,0.0107,0.0788,118.021
939,Panoramic Girl,0.673,0.748,-4.206,0.0268,0.226,0.146,108.981
940,You + I,0.624,0.462,-9.402,0.0343,0.0995,0.399,158.081
941,Mirror Master,0.463,0.859,-4.518,0.0508,0.000614,0.413,159.906
942,Almost (Sweet Music),0.427,0.689,-5.589,0.135,0.021,0.203,88.875
943,"break up with your girlfriend, i'm bored",0.726,0.554,-5.29,0.0917,0.0421,0.106,169.999
944,The Trip,0.697,0.733,-6.594,0.0384,0.169,0.123,119.998
945,In the Middle of the Night,0.536,0.749,-7.214,0.0292,0.00113,0.0752,74.976
946,The Message,0.64,0.695,-9.919,0.0326,0.00278,0.337,117.999
947,Sad Movies,0.57,0.433,-11.764,0.0252,0.00422,0.153,165.937
948,Welcome to Slow Air,0.538,0.517,-10.749,0.0278,0.00123,0.124,152.017
949,Black Lagoon,0.61,0.764,-8.649,0.03,0.0183,0.182,133.032
950,Dreamlands,0.621,0.518,-8.993,0.0246,0.0568,0.0894,110.044
951,Whisper,0.437,0.58,-9.784,0.0336,0.684,0.121,85.921
952,Fade Out,0.739,0.578,-10.39,0.028,0.629,0.109,119.976
953,The Photograph,0.403,0.651,-8.312,0.0377,0.229,0.45,119.867
954,Long Goodbyes,0.56,0.463,-13.861,0.0327,0.38,0.111,95.065
955,Silk,0.518,0.123,-13.801,0.0324,0.978,0.111,130.512
956,Atlas,0.443,0.654,-7.021,0.0296,0.301,0.577,162.03
957,Love Stuck,0.667,0.861,-4.43,0.0339,0.0209,0.0841,106.997
958,Silvertongue,0.673,0.789,-4.288,0.0408,0.00975,0.752,100.043
959,Somebody to Love,0.827,0.525,-5.823,0.0309,0.118,0.107,119.985
960,Sex n' Drugs,0.831,0.32,-7.916,0.143,0.299,0.0757,80.935
961,Saturday Sun,0.637,0.864,-4.381,0.0468,0.484,0.222,99.995
962,Vagabond,0.488,0.879,-6.812,0.0344,0.0602,0.409,148.012
963,Cameos,0.561,0.687,-6.336,0.0292,0.00791,0.08,128.569
964,Young Blood,0.579,0.865,-4.692,0.0302,5.63e-05,0.649,104.99
965,Strawberries & Cigarettes,0.514,0.539,-8.696,0.188,0.158,0.0902,168.062
966,Make You Mine,0.603,0.772,-4.444,0.0258,0.015,0.143,103.047
967,Moscow,0.715,0.611,-8.302,0.0324,0.183,0.0786,103.987
968,San Francisco,0.307,0.847,-4.215,0.0551,0.0215,0.0783,93.072
969,Baby,0.833,0.325,-10.093,0.0404,0.0498,0.15,102.02
970,1901,0.604,0.825,-5.373,0.0429,0.0564,0.192,144.085
971,Ways to Go,0.577,0.827,-7.54,0.0365,0.00338,0.26,101.031
972,Over My Head,0.656,0.723,-4.975,0.0262,0.0968,0.343,105.049
973,Silver & Gold,0.524,0.549,-4.923,0.0449,0.0557,0.179,173.839
974,Bear Claws,0.555,0.868,-1.901,0.0363,0.0161,0.099,97.003
975,Kaleidoscope,0.709,0.913,-5.148,0.0748,0.0182,0.167,108.024
976,Ocean Eyes - GOLDHOUSE Remix,0.425,0.954,-2.573,0.0383,0.0344,0.187,199.843
977,Cold Cold Man,0.613,0.661,-4.984,0.0263,0.00652,0.0976,110.978
978,Solo (feat. Demi Lovato),0.737,0.636,-4.546,0.0437,0.0441,0.35,105.005
979,Everything To Everyone,0.902,0.396,-7.7,0.0968,0.324,0.174,91.495
980,Talk Too Much,0.598,0.888,-5.119,0.0807,0.00947,0.347,103.966
981,I'm Good,0.612,0.921,-5.338,0.0705,0.0115,0.166,96.042
982,Letter for God,0.861,0.65,-4.935,0.0483,0.347,0.0562,120.009
